DateKey,Date,Year,Quarter,MonthNumber,MonthName,Day,DayOfWeek
20240701,01-07-2024,2024,Q3,7,July,1,Monday
20240702,02-07-2024,2024,Q3,7,July,2,Tuesday
20240703,03-07-2024,2024,Q3,7,July,3,Wednesday
20240704,04-07-2024,2024,Q3,7,July,4,Thursday
20240705,05-07-2024,2024,Q3,7,July,5,Friday
20240706,06-07-2024,2024,Q3,7,July,6,Saturday
20240707,07-07-2024,2024,Q3,7,July,7,Sunday
20240708,08-07-2024,2024,Q3,7,July,8,Monday
20240709,09-07-2024,2024,Q3,7,July,9,Tuesday
20240710,10-07-2024,2024,Q3,7,July,10,Wednesday
20240711,11-07-2024,2024,Q3,7,July,11,Thursday
20240712,12-07-2024,2024,Q3,7,July,12,Friday
20240713,13-07-2024,2024,Q3,7,July,13,Saturday
20240714,14-07-2024,2024,Q3,7,July,14,Sunday
20240715,15-07-2024,2024,Q3,7,July,15,Monday
20240716,16-07-2024,2024,Q3,7,July,16,Tuesday
20240717,17-07-2024,2024,Q3,7,July,17,Wednesday
20240718,18-07-2024,2024,Q3,7,July,18,Thursday
20240719,19-07-2024,2024,Q3,7,July,19,Friday
20240720,20-07-2024,2024,Q3,7,July,20,Saturday
20240721,21-07-2024,2024,Q3,7,July,21,Sunday
20240722,22-07-2024,2024,Q3,7,July,22,Monday
20240723,23-07-2024,2024,Q3,7,July,23,Tuesday
20240724,24-07-2024,2024,Q3,7,July,24,Wednesday
20240725,25-07-2024,2024,Q3,7,July,25,Thursday
20240726,26-07-2024,2024,Q3,7,July,26,Friday
20240727,27-07-2024,2024,Q3,7,July,27,Saturday
20240728,28-07-2024,2024,Q3,7,July,28,Sunday
20240729,29-07-2024,2024,Q3,7,July,29,Monday
20240730,30-07-2024,2024,Q3,7,July,30,Tuesday
20240731,31-07-2024,2024,Q3,7,July,31,Wednesday
20240801,01-08-2024,2024,Q3,8,August,1,Thursday
20240802,02-08-2024,2024,Q3,8,August,2,Friday
20240803,03-08-2024,2024,Q3,8,August,3,Saturday
20240804,04-08-2024,2024,Q3,8,August,4,Sunday
20240805,05-08-2024,2024,Q3,8,August,5,Monday
20240806,06-08-2024,2024,Q3,8,August,6,Tuesday
20240807,07-08-2024,2024,Q3,8,August,7,Wednesday
20240808,08-08-2024,2024,Q3,8,August,8,Thursday
20240809,09-08-2024,2024,Q3,8,August,9,Friday
20240810,10-08-2024,2024,Q3,8,August,10,Saturday
20240811,11-08-2024,2024,Q3,8,August,11,Sunday
20240812,12-08-2024,2024,Q3,8,August,12,Monday
20240813,13-08-2024,2024,Q3,8,August,13,Tuesday
20240814,14-08-2024,2024,Q3,8,August,14,Wednesday
20240815,15-08-2024,2024,Q3,8,August,15,Thursday
20240816,16-08-2024,2024,Q3,8,August,16,Friday
20240817,17-08-2024,2024,Q3,8,August,17,Saturday
20240818,18-08-2024,2024,Q3,8,August,18,Sunday
20240819,19-08-2024,2024,Q3,8,August,19,Monday
20240820,20-08-2024,2024,Q3,8,August,20,Tuesday
20240821,21-08-2024,2024,Q3,8,August,21,Wednesday
20240822,22-08-2024,2024,Q3,8,August,22,Thursday
20240823,23-08-2024,2024,Q3,8,August,23,Friday
20240824,24-08-2024,2024,Q3,8,August,24,Saturday
20240825,25-08-2024,2024,Q3,8,August,25,Sunday
20240826,26-08-2024,2024,Q3,8,August,26,Monday
20240827,27-08-2024,2024,Q3,8,August,27,Tuesday
20240828,28-08-2024,2024,Q3,8,August,28,Wednesday
20240829,29-08-2024,2024,Q3,8,August,29,Thursday
20240830,30-08-2024,2024,Q3,8,August,30,Friday
20240831,31-08-2024,2024,Q3,8,August,31,Saturday
20240901,01-09-2024,2024,Q3,9,September,1,Sunday
20240902,02-09-2024,2024,Q3,9,September,2,Monday
20240903,03-09-2024,2024,Q3,9,September,3,Tuesday
20240904,04-09-2024,2024,Q3,9,September,4,Wednesday
20240905,05-09-2024,2024,Q3,9,September,5,Thursday
20240906,06-09-2024,2024,Q3,9,September,6,Friday
20240907,07-09-2024,2024,Q3,9,September,7,Saturday
20240908,08-09-2024,2024,Q3,9,September,8,Sunday
20240909,09-09-2024,2024,Q3,9,September,9,Monday
20240910,10-09-2024,2024,Q3,9,September,10,Tuesday
20240911,11-09-2024,2024,Q3,9,September,11,Wednesday
20240912,12-09-2024,2024,Q3,9,September,12,Thursday
20240913,13-09-2024,2024,Q3,9,September,13,Friday
20240914,14-09-2024,2024,Q3,9,September,14,Saturday
20240915,15-09-2024,2024,Q3,9,September,15,Sunday
20240916,16-09-2024,2024,Q3,9,September,16,Monday
20240917,17-09-2024,2024,Q3,9,September,17,Tuesday
20240918,18-09-2024,2024,Q3,9,September,18,Wednesday
20240919,19-09-2024,2024,Q3,9,September,19,Thursday
20240920,20-09-2024,2024,Q3,9,September,20,Friday
20240921,21-09-2024,2024,Q3,9,September,21,Saturday
20240922,22-09-2024,2024,Q3,9,September,22,Sunday
20240923,23-09-2024,2024,Q3,9,September,23,Monday
20240924,24-09-2024,2024,Q3,9,September,24,Tuesday
20240925,25-09-2024,2024,Q3,9,September,25,Wednesday
20240926,26-09-2024,2024,Q3,9,September,26,Thursday
20240927,27-09-2024,2024,Q3,9,September,27,Friday
20240928,28-09-2024,2024,Q3,9,September,28,Saturday
20240929,29-09-2024,2024,Q3,9,September,29,Sunday
20240930,30-09-2024,2024,Q3,9,September,30,Monday
20240101,01-01-2024,2024,Q1,1,January,1,Monday
20240102,02-01-2024,2024,Q1,1,January,2,Tuesday
20240103,03-01-2024,2024,Q1,1,January,3,Wednesday
20240104,04-01-2024,2024,Q1,1,January,4,Thursday
20240105,05-01-2024,2024,Q1,1,January,5,Friday
20240106,06-01-2024,2024,Q1,1,January,6,Saturday
20240107,07-01-2024,2024,Q1,1,January,7,Sunday
20240108,08-01-2024,2024,Q1,1,January,8,Monday
20240109,09-01-2024,2024,Q1,1,January,9,Tuesday
20240110,10-01-2024,2024,Q1,1,January,10,Wednesday
20240111,11-01-2024,2024,Q1,1,January,11,Thursday
20240112,12-01-2024,2024,Q1,1,January,12,Friday
20240113,13-01-2024,2024,Q1,1,January,13,Saturday
20240114,14-01-2024,2024,Q1,1,January,14,Sunday
20240115,15-01-2024,2024,Q1,1,January,15,Monday
20240116,16-01-2024,2024,Q1,1,January,16,Tuesday
20240117,17-01-2024,2024,Q1,1,January,17,Wednesday
20240118,18-01-2024,2024,Q1,1,January,18,Thursday
20240119,19-01-2024,2024,Q1,1,January,19,Friday
20240120,20-01-2024,2024,Q1,1,January,20,Saturday
20240121,21-01-2024,2024,Q1,1,January,21,Sunday
20240122,22-01-2024,2024,Q1,1,January,22,Monday
20240123,23-01-2024,2024,Q1,1,January,23,Tuesday
20240124,24-01-2024,2024,Q1,1,January,24,Wednesday
20240125,25-01-2024,2024,Q1,1,January,25,Thursday
20240126,26-01-2024,2024,Q1,1,January,26,Friday
20240127,27-01-2024,2024,Q1,1,January,27,Saturday
20240128,28-01-2024,2024,Q1,1,January,28,Sunday
20240129,29-01-2024,2024,Q1,1,January,29,Monday
20240130,30-01-2024,2024,Q1,1,January,30,Tuesday
20240131,31-01-2024,2024,Q1,1,January,31,Wednesday
20240201,01-02-2024,2024,Q1,2,February,1,Thursday
20240202,02-02-2024,2024,Q1,2,February,2,Friday
20240203,03-02-2024,2024,Q1,2,February,3,Saturday
20240204,04-02-2024,2024,Q1,2,February,4,Sunday
20240205,05-02-2024,2024,Q1,2,February,5,Monday
20240206,06-02-2024,2024,Q1,2,February,6,Tuesday
20240207,07-02-2024,2024,Q1,2,February,7,Wednesday
20240208,08-02-2024,2024,Q1,2,February,8,Thursday
20240209,09-02-2024,2024,Q1,2,February,9,Friday
20240210,10-02-2024,2024,Q1,2,February,10,Saturday
20240211,11-02-2024,2024,Q1,2,February,11,Sunday
20240212,12-02-2024,2024,Q1,2,February,12,Monday
20240213,13-02-2024,2024,Q1,2,February,13,Tuesday
20240214,14-02-2024,2024,Q1,2,February,14,Wednesday
20240215,15-02-2024,2024,Q1,2,February,15,Thursday
20240216,16-02-2024,2024,Q1,2,February,16,Friday
20240217,17-02-2024,2024,Q1,2,February,17,Saturday
20240218,18-02-2024,2024,Q1,2,February,18,Sunday
20240219,19-02-2024,2024,Q1,2,February,19,Monday
20240220,20-02-2024,2024,Q1,2,February,20,Tuesday
20240221,21-02-2024,2024,Q1,2,February,21,Wednesday
20240222,22-02-2024,2024,Q1,2,February,22,Thursday
20240223,23-02-2024,2024,Q1,2,February,23,Friday
20240224,24-02-2024,2024,Q1,2,February,24,Saturday
20240225,25-02-2024,2024,Q1,2,February,25,Sunday
20240226,26-02-2024,2024,Q1,2,February,26,Monday
20240227,27-02-2024,2024,Q1,2,February,27,Tuesday
20240228,28-02-2024,2024,Q1,2,February,28,Wednesday
20240229,29-02-2024,2024,Q1,2,February,29,Thursday
20240301,01-03-2024,2024,Q1,3,March,1,Friday
20240302,02-03-2024,2024,Q1,3,March,2,Saturday
20240303,03-03-2024,2024,Q1,3,March,3,Sunday
20240304,04-03-2024,2024,Q1,3,March,4,Monday
20240305,05-03-2024,2024,Q1,3,March,5,Tuesday
20240306,06-03-2024,2024,Q1,3,March,6,Wednesday
20240307,07-03-2024,2024,Q1,3,March,7,Thursday
20240308,08-03-2024,2024,Q1,3,March,8,Friday
20240309,09-03-2024,2024,Q1,3,March,9,Saturday
20240310,10-03-2024,2024,Q1,3,March,10,Sunday
20240311,11-03-2024,2024,Q1,3,March,11,Monday
20240312,12-03-2024,2024,Q1,3,March,12,Tuesday
20240313,13-03-2024,2024,Q1,3,March,13,Wednesday
20240314,14-03-2024,2024,Q1,3,March,14,Thursday
20240315,15-03-2024,2024,Q1,3,March,15,Friday
20240316,16-03-2024,2024,Q1,3,March,16,Saturday
20240317,17-03-2024,2024,Q1,3,March,17,Sunday
20240318,18-03-2024,2024,Q1,3,March,18,Monday
20240319,19-03-2024,2024,Q1,3,March,19,Tuesday
20240320,20-03-2024,2024,Q1,3,March,20,Wednesday
20240321,21-03-2024,2024,Q1,3,March,21,Thursday
20240322,22-03-2024,2024,Q1,3,March,22,Friday
20240323,23-03-2024,2024,Q1,3,March,23,Saturday
20240324,24-03-2024,2024,Q1,3,March,24,Sunday
20240325,25-03-2024,2024,Q1,3,March,25,Monday
20240326,26-03-2024,2024,Q1,3,March,26,Tuesday
20240327,27-03-2024,2024,Q1,3,March,27,Wednesday
20240328,28-03-2024,2024,Q1,3,March,28,Thursday
20240329,29-03-2024,2024,Q1,3,March,29,Friday
20240330,30-03-2024,2024,Q1,3,March,30,Saturday
20240331,31-03-2024,2024,Q1,3,March,31,Sunday
20240401,01-04-2024,2024,Q2,4,April,1,Monday
20240402,02-04-2024,2024,Q2,4,April,2,Tuesday
20240403,03-04-2024,2024,Q2,4,April,3,Wednesday
20240404,04-04-2024,2024,Q2,4,April,4,Thursday
20240405,05-04-2024,2024,Q2,4,April,5,Friday
20240406,06-04-2024,2024,Q2,4,April,6,Saturday
20240407,07-04-2024,2024,Q2,4,April,7,Sunday
20240408,08-04-2024,2024,Q2,4,April,8,Monday
20240409,09-04-2024,2024,Q2,4,April,9,Tuesday
20240410,10-04-2024,2024,Q2,4,April,10,Wednesday
20240411,11-04-2024,2024,Q2,4,April,11,Thursday
20240412,12-04-2024,2024,Q2,4,April,12,Friday
20240413,13-04-2024,2024,Q2,4,April,13,Saturday
20240414,14-04-2024,2024,Q2,4,April,14,Sunday
20240415,15-04-2024,2024,Q2,4,April,15,Monday
20240416,16-04-2024,2024,Q2,4,April,16,Tuesday
20240417,17-04-2024,2024,Q2,4,April,17,Wednesday
20240418,18-04-2024,2024,Q2,4,April,18,Thursday
20240419,19-04-2024,2024,Q2,4,April,19,Friday
20240420,20-04-2024,2024,Q2,4,April,20,Saturday
20240421,21-04-2024,2024,Q2,4,April,21,Sunday
20240422,22-04-2024,2024,Q2,4,April,22,Monday
20240423,23-04-2024,2024,Q2,4,April,23,Tuesday
20240424,24-04-2024,2024,Q2,4,April,24,Wednesday
20240425,25-04-2024,2024,Q2,4,April,25,Thursday
20240426,26-04-2024,2024,Q2,4,April,26,Friday
20240427,27-04-2024,2024,Q2,4,April,27,Saturday
20240428,28-04-2024,2024,Q2,4,April,28,Sunday
20240429,29-04-2024,2024,Q2,4,April,29,Monday
20240430,30-04-2024,2024,Q2,4,April,30,Tuesday
20240501,01-05-2024,2024,Q2,5,May,1,Wednesday
20240502,02-05-2024,2024,Q2,5,May,2,Thursday
20240503,03-05-2024,2024,Q2,5,May,3,Friday
20240504,04-05-2024,2024,Q2,5,May,4,Saturday
20240505,05-05-2024,2024,Q2,5,May,5,Sunday
20240506,06-05-2024,2024,Q2,5,May,6,Monday
20240507,07-05-2024,2024,Q2,5,May,7,Tuesday
20240508,08-05-2024,2024,Q2,5,May,8,Wednesday
20240509,09-05-2024,2024,Q2,5,May,9,Thursday
20240510,10-05-2024,2024,Q2,5,May,10,Friday
20240511,11-05-2024,2024,Q2,5,May,11,Saturday
20240512,12-05-2024,2024,Q2,5,May,12,Sunday
20240513,13-05-2024,2024,Q2,5,May,13,Monday
20240514,14-05-2024,2024,Q2,5,May,14,Tuesday
20240515,15-05-2024,2024,Q2,5,May,15,Wednesday
20240516,16-05-2024,2024,Q2,5,May,16,Thursday
20240517,17-05-2024,2024,Q2,5,May,17,Friday
20240518,18-05-2024,2024,Q2,5,May,18,Saturday
20240519,19-05-2024,2024,Q2,5,May,19,Sunday
20240520,20-05-2024,2024,Q2,5,May,20,Monday
20240521,21-05-2024,2024,Q2,5,May,21,Tuesday
20240522,22-05-2024,2024,Q2,5,May,22,Wednesday
20240523,23-05-2024,2024,Q2,5,May,23,Thursday
20240524,24-05-2024,2024,Q2,5,May,24,Friday
20240525,25-05-2024,2024,Q2,5,May,25,Saturday
20240526,26-05-2024,2024,Q2,5,May,26,Sunday
20240527,27-05-2024,2024,Q2,5,May,27,Monday
20240528,28-05-2024,2024,Q2,5,May,28,Tuesday
20240529,29-05-2024,2024,Q2,5,May,29,Wednesday
20240530,30-05-2024,2024,Q2,5,May,30,Thursday
20240531,31-05-2024,2024,Q2,5,May,31,Friday
20240601,01-06-2024,2024,Q2,6,June,1,Saturday
20240602,02-06-2024,2024,Q2,6,June,2,Sunday
20240603,03-06-2024,2024,Q2,6,June,3,Monday
20240604,04-06-2024,2024,Q2,6,June,4,Tuesday
20240605,05-06-2024,2024,Q2,6,June,5,Wednesday
20240606,06-06-2024,2024,Q2,6,June,6,Thursday
20240607,07-06-2024,2024,Q2,6,June,7,Friday
20240608,08-06-2024,2024,Q2,6,June,8,Saturday
20240609,09-06-2024,2024,Q2,6,June,9,Sunday
20240610,10-06-2024,2024,Q2,6,June,10,Monday
20240611,11-06-2024,2024,Q2,6,June,11,Tuesday
20240612,12-06-2024,2024,Q2,6,June,12,Wednesday
20240613,13-06-2024,2024,Q2,6,June,13,Thursday
20240614,14-06-2024,2024,Q2,6,June,14,Friday
20240615,15-06-2024,2024,Q2,6,June,15,Saturday
20240616,16-06-2024,2024,Q2,6,June,16,Sunday
20240617,17-06-2024,2024,Q2,6,June,17,Monday
20240618,18-06-2024,2024,Q2,6,June,18,Tuesday
20240619,19-06-2024,2024,Q2,6,June,19,Wednesday
20240620,20-06-2024,2024,Q2,6,June,20,Thursday
20240621,21-06-2024,2024,Q2,6,June,21,Friday
20240622,22-06-2024,2024,Q2,6,June,22,Saturday
20240623,23-06-2024,2024,Q2,6,June,23,Sunday
20240624,24-06-2024,2024,Q2,6,June,24,Monday
20240625,25-06-2024,2024,Q2,6,June,25,Tuesday
20240626,26-06-2024,2024,Q2,6,June,26,Wednesday
20240627,27-06-2024,2024,Q2,6,June,27,Thursday
20240628,28-06-2024,2024,Q2,6,June,28,Friday
20240629,29-06-2024,2024,Q2,6,June,29,Saturday
20240630,30-06-2024,2024,Q2,6,June,30,Sunday
20241001,01-10-2024,2024,Q4,10,October,1,Tuesday
20241002,02-10-2024,2024,Q4,10,October,2,Wednesday
20241003,03-10-2024,2024,Q4,10,October,3,Thursday
20241004,04-10-2024,2024,Q4,10,October,4,Friday
20241005,05-10-2024,2024,Q4,10,October,5,Saturday
20241006,06-10-2024,2024,Q4,10,October,6,Sunday
20241007,07-10-2024,2024,Q4,10,October,7,Monday
20241008,08-10-2024,2024,Q4,10,October,8,Tuesday
20241009,09-10-2024,2024,Q4,10,October,9,Wednesday
20241010,10-10-2024,2024,Q4,10,October,10,Thursday
20241011,11-10-2024,2024,Q4,10,October,11,Friday
20241012,12-10-2024,2024,Q4,10,October,12,Saturday
20241013,13-10-2024,2024,Q4,10,October,13,Sunday
20241014,14-10-2024,2024,Q4,10,October,14,Monday
20241015,15-10-2024,2024,Q4,10,October,15,Tuesday
20241016,16-10-2024,2024,Q4,10,October,16,Wednesday
20241017,17-10-2024,2024,Q4,10,October,17,Thursday
20241018,18-10-2024,2024,Q4,10,October,18,Friday
20241019,19-10-2024,2024,Q4,10,October,19,Saturday
20241020,20-10-2024,2024,Q4,10,October,20,Sunday
20241021,21-10-2024,2024,Q4,10,October,21,Monday
20241022,22-10-2024,2024,Q4,10,October,22,Tuesday
20241023,23-10-2024,2024,Q4,10,October,23,Wednesday
20241024,24-10-2024,2024,Q4,10,October,24,Thursday
20241025,25-10-2024,2024,Q4,10,October,25,Friday
20241026,26-10-2024,2024,Q4,10,October,26,Saturday
20241027,27-10-2024,2024,Q4,10,October,27,Sunday
20241028,28-10-2024,2024,Q4,10,October,28,Monday
20241029,29-10-2024,2024,Q4,10,October,29,Tuesday
20241030,30-10-2024,2024,Q4,10,October,30,Wednesday
20241031,31-10-2024,2024,Q4,10,October,31,Thursday
20241101,01-11-2024,2024,Q4,11,November,1,Friday
20241102,02-11-2024,2024,Q4,11,November,2,Saturday
20241103,03-11-2024,2024,Q4,11,November,3,Sunday
20241104,04-11-2024,2024,Q4,11,November,4,Monday
20241105,05-11-2024,2024,Q4,11,November,5,Tuesday
20241106,06-11-2024,2024,Q4,11,November,6,Wednesday
20241107,07-11-2024,2024,Q4,11,November,7,Thursday
20241108,08-11-2024,2024,Q4,11,November,8,Friday
20241109,09-11-2024,2024,Q4,11,November,9,Saturday
20241110,10-11-2024,2024,Q4,11,November,10,Sunday
20241111,11-11-2024,2024,Q4,11,November,11,Monday
20241112,12-11-2024,2024,Q4,11,November,12,Tuesday
20241113,13-11-2024,2024,Q4,11,November,13,Wednesday
20241114,14-11-2024,2024,Q4,11,November,14,Thursday
20241115,15-11-2024,2024,Q4,11,November,15,Friday
20241116,16-11-2024,2024,Q4,11,November,16,Saturday
20241117,17-11-2024,2024,Q4,11,November,17,Sunday
20241118,18-11-2024,2024,Q4,11,November,18,Monday
20241119,19-11-2024,2024,Q4,11,November,19,Tuesday
20241120,20-11-2024,2024,Q4,11,November,20,Wednesday
20241121,21-11-2024,2024,Q4,11,November,21,Thursday
20241122,22-11-2024,2024,Q4,11,November,22,Friday
20241123,23-11-2024,2024,Q4,11,November,23,Saturday
20241124,24-11-2024,2024,Q4,11,November,24,Sunday
20241125,25-11-2024,2024,Q4,11,November,25,Monday
20241126,26-11-2024,2024,Q4,11,November,26,Tuesday
20241127,27-11-2024,2024,Q4,11,November,27,Wednesday
20241128,28-11-2024,2024,Q4,11,November,28,Thursday
20241129,29-11-2024,2024,Q4,11,November,29,Friday
20241130,30-11-2024,2024,Q4,11,November,30,Saturday
20241201,01-12-2024,2024,Q4,12,December,1,Sunday
20241202,02-12-2024,2024,Q4,12,December,2,Monday
20241203,03-12-2024,2024,Q4,12,December,3,Tuesday
20241204,04-12-2024,2024,Q4,12,December,4,Wednesday
20241205,05-12-2024,2024,Q4,12,December,5,Thursday
20241206,06-12-2024,2024,Q4,12,December,6,Friday
20241207,07-12-2024,2024,Q4,12,December,7,Saturday
20241208,08-12-2024,2024,Q4,12,December,8,Sunday
20241209,09-12-2024,2024,Q4,12,December,9,Monday
20241210,10-12-2024,2024,Q4,12,December,10,Tuesday
20241211,11-12-2024,2024,Q4,12,December,11,Wednesday
20241212,12-12-2024,2024,Q4,12,December,12,Thursday
20241213,13-12-2024,2024,Q4,12,December,13,Friday
20241214,14-12-2024,2024,Q4,12,December,14,Saturday
20241215,15-12-2024,2024,Q4,12,December,15,Sunday
20241216,16-12-2024,2024,Q4,12,December,16,Monday
20241217,17-12-2024,2024,Q4,12,December,17,Tuesday
20241218,18-12-2024,2024,Q4,12,December,18,Wednesday
20241219,19-12-2024,2024,Q4,12,December,19,Thursday
20241220,20-12-2024,2024,Q4,12,December,20,Friday
20241221,21-12-2024,2024,Q4,12,December,21,Saturday
20241222,22-12-2024,2024,Q4,12,December,22,Sunday
20241223,23-12-2024,2024,Q4,12,December,23,Monday
20241224,24-12-2024,2024,Q4,12,December,24,Tuesday
20241225,25-12-2024,2024,Q4,12,December,25,Wednesday
20241226,26-12-2024,2024,Q4,12,December,26,Thursday
20241227,27-12-2024,2024,Q4,12,December,27,Friday
20241228,28-12-2024,2024,Q4,12,December,28,Saturday
20241229,29-12-2024,2024,Q4,12,December,29,Sunday
20241230,30-12-2024,2024,Q4,12,December,30,Monday
20241231,31-12-2024,2024,Q4,12,December,31,Tuesday
20230101,01-01-2023,2023,Q1,1,January,1,Sunday
20230102,02-01-2023,2023,Q1,1,January,2,Monday
20230103,03-01-2023,2023,Q1,1,January,3,Tuesday
20230104,04-01-2023,2023,Q1,1,January,4,Wednesday
20230105,05-01-2023,2023,Q1,1,January,5,Thursday
20230106,06-01-2023,2023,Q1,1,January,6,Friday
20230107,07-01-2023,2023,Q1,1,January,7,Saturday
20230108,08-01-2023,2023,Q1,1,January,8,Sunday
20230109,09-01-2023,2023,Q1,1,January,9,Monday
20230110,10-01-2023,2023,Q1,1,January,10,Tuesday
20230111,11-01-2023,2023,Q1,1,January,11,Wednesday
20230112,12-01-2023,2023,Q1,1,January,12,Thursday
20230113,13-01-2023,2023,Q1,1,January,13,Friday
20230114,14-01-2023,2023,Q1,1,January,14,Saturday
20230115,15-01-2023,2023,Q1,1,January,15,Sunday
20230116,16-01-2023,2023,Q1,1,January,16,Monday
20230117,17-01-2023,2023,Q1,1,January,17,Tuesday
20230118,18-01-2023,2023,Q1,1,January,18,Wednesday
20230119,19-01-2023,2023,Q1,1,January,19,Thursday
20230120,20-01-2023,2023,Q1,1,January,20,Friday
20230121,21-01-2023,2023,Q1,1,January,21,Saturday
20230122,22-01-2023,2023,Q1,1,January,22,Sunday
20230123,23-01-2023,2023,Q1,1,January,23,Monday
20230124,24-01-2023,2023,Q1,1,January,24,Tuesday
20230125,25-01-2023,2023,Q1,1,January,25,Wednesday
20230126,26-01-2023,2023,Q1,1,January,26,Thursday
20230127,27-01-2023,2023,Q1,1,January,27,Friday
20230128,28-01-2023,2023,Q1,1,January,28,Saturday
20230129,29-01-2023,2023,Q1,1,January,29,Sunday
20230130,30-01-2023,2023,Q1,1,January,30,Monday
20230131,31-01-2023,2023,Q1,1,January,31,Tuesday
20230201,01-02-2023,2023,Q1,2,February,1,Wednesday
20230202,02-02-2023,2023,Q1,2,February,2,Thursday
20230203,03-02-2023,2023,Q1,2,February,3,Friday
20230204,04-02-2023,2023,Q1,2,February,4,Saturday
20230205,05-02-2023,2023,Q1,2,February,5,Sunday
20230206,06-02-2023,2023,Q1,2,February,6,Monday
20230207,07-02-2023,2023,Q1,2,February,7,Tuesday
20230208,08-02-2023,2023,Q1,2,February,8,Wednesday
20230209,09-02-2023,2023,Q1,2,February,9,Thursday
20230210,10-02-2023,2023,Q1,2,February,10,Friday
20230211,11-02-2023,2023,Q1,2,February,11,Saturday
20230212,12-02-2023,2023,Q1,2,February,12,Sunday
20230213,13-02-2023,2023,Q1,2,February,13,Monday
20230214,14-02-2023,2023,Q1,2,February,14,Tuesday
20230215,15-02-2023,2023,Q1,2,February,15,Wednesday
20230216,16-02-2023,2023,Q1,2,February,16,Thursday
20230217,17-02-2023,2023,Q1,2,February,17,Friday
20230218,18-02-2023,2023,Q1,2,February,18,Saturday
20230219,19-02-2023,2023,Q1,2,February,19,Sunday
20230220,20-02-2023,2023,Q1,2,February,20,Monday
20230221,21-02-2023,2023,Q1,2,February,21,Tuesday
20230222,22-02-2023,2023,Q1,2,February,22,Wednesday
20230223,23-02-2023,2023,Q1,2,February,23,Thursday
20230224,24-02-2023,2023,Q1,2,February,24,Friday
20230225,25-02-2023,2023,Q1,2,February,25,Saturday
20230226,26-02-2023,2023,Q1,2,February,26,Sunday
20230227,27-02-2023,2023,Q1,2,February,27,Monday
20230228,28-02-2023,2023,Q1,2,February,28,Tuesday
20230301,01-03-2023,2023,Q1,3,March,1,Wednesday
20230302,02-03-2023,2023,Q1,3,March,2,Thursday
20230303,03-03-2023,2023,Q1,3,March,3,Friday
20230304,04-03-2023,2023,Q1,3,March,4,Saturday
20230305,05-03-2023,2023,Q1,3,March,5,Sunday
20230306,06-03-2023,2023,Q1,3,March,6,Monday
20230307,07-03-2023,2023,Q1,3,March,7,Tuesday
20230308,08-03-2023,2023,Q1,3,March,8,Wednesday
20230309,09-03-2023,2023,Q1,3,March,9,Thursday
20230310,10-03-2023,2023,Q1,3,March,10,Friday
20230311,11-03-2023,2023,Q1,3,March,11,Saturday
20230312,12-03-2023,2023,Q1,3,March,12,Sunday
20230313,13-03-2023,2023,Q1,3,March,13,Monday
20230314,14-03-2023,2023,Q1,3,March,14,Tuesday
20230315,15-03-2023,2023,Q1,3,March,15,Wednesday
20230316,16-03-2023,2023,Q1,3,March,16,Thursday
20230317,17-03-2023,2023,Q1,3,March,17,Friday
20230318,18-03-2023,2023,Q1,3,March,18,Saturday
20230319,19-03-2023,2023,Q1,3,March,19,Sunday
20230320,20-03-2023,2023,Q1,3,March,20,Monday
20230321,21-03-2023,2023,Q1,3,March,21,Tuesday
20230322,22-03-2023,2023,Q1,3,March,22,Wednesday
20230323,23-03-2023,2023,Q1,3,March,23,Thursday
20230324,24-03-2023,2023,Q1,3,March,24,Friday
20230325,25-03-2023,2023,Q1,3,March,25,Saturday
20230326,26-03-2023,2023,Q1,3,March,26,Sunday
20230327,27-03-2023,2023,Q1,3,March,27,Monday
20230328,28-03-2023,2023,Q1,3,March,28,Tuesday
20230329,29-03-2023,2023,Q1,3,March,29,Wednesday
20230330,30-03-2023,2023,Q1,3,March,30,Thursday
20230331,31-03-2023,2023,Q1,3,March,31,Friday
20231001,01-10-2023,2023,Q4,10,October,1,Sunday
20231002,02-10-2023,2023,Q4,10,October,2,Monday
20231003,03-10-2023,2023,Q4,10,October,3,Tuesday
20231004,04-10-2023,2023,Q4,10,October,4,Wednesday
20231005,05-10-2023,2023,Q4,10,October,5,Thursday
20231006,06-10-2023,2023,Q4,10,October,6,Friday
20231007,07-10-2023,2023,Q4,10,October,7,Saturday
20231008,08-10-2023,2023,Q4,10,October,8,Sunday
20231009,09-10-2023,2023,Q4,10,October,9,Monday
20231010,10-10-2023,2023,Q4,10,October,10,Tuesday
20231011,11-10-2023,2023,Q4,10,October,11,Wednesday
20231012,12-10-2023,2023,Q4,10,October,12,Thursday
20231013,13-10-2023,2023,Q4,10,October,13,Friday
20231014,14-10-2023,2023,Q4,10,October,14,Saturday
20231015,15-10-2023,2023,Q4,10,October,15,Sunday
20231016,16-10-2023,2023,Q4,10,October,16,Monday
20231017,17-10-2023,2023,Q4,10,October,17,Tuesday
20231018,18-10-2023,2023,Q4,10,October,18,Wednesday
20231019,19-10-2023,2023,Q4,10,October,19,Thursday
20231020,20-10-2023,2023,Q4,10,October,20,Friday
20231021,21-10-2023,2023,Q4,10,October,21,Saturday
20231022,22-10-2023,2023,Q4,10,October,22,Sunday
20231023,23-10-2023,2023,Q4,10,October,23,Monday
20231024,24-10-2023,2023,Q4,10,October,24,Tuesday
20231025,25-10-2023,2023,Q4,10,October,25,Wednesday
20231026,26-10-2023,2023,Q4,10,October,26,Thursday
20231027,27-10-2023,2023,Q4,10,October,27,Friday
20231028,28-10-2023,2023,Q4,10,October,28,Saturday
20231029,29-10-2023,2023,Q4,10,October,29,Sunday
20231030,30-10-2023,2023,Q4,10,October,30,Monday
20231031,31-10-2023,2023,Q4,10,October,31,Tuesday
20231101,01-11-2023,2023,Q4,11,November,1,Wednesday
20231102,02-11-2023,2023,Q4,11,November,2,Thursday
20231103,03-11-2023,2023,Q4,11,November,3,Friday
20231104,04-11-2023,2023,Q4,11,November,4,Saturday
20231105,05-11-2023,2023,Q4,11,November,5,Sunday
20231106,06-11-2023,2023,Q4,11,November,6,Monday
20231107,07-11-2023,2023,Q4,11,November,7,Tuesday
20231108,08-11-2023,2023,Q4,11,November,8,Wednesday
20231109,09-11-2023,2023,Q4,11,November,9,Thursday
20231110,10-11-2023,2023,Q4,11,November,10,Friday
20231111,11-11-2023,2023,Q4,11,November,11,Saturday
20231112,12-11-2023,2023,Q4,11,November,12,Sunday
20231113,13-11-2023,2023,Q4,11,November,13,Monday
20231114,14-11-2023,2023,Q4,11,November,14,Tuesday
20231115,15-11-2023,2023,Q4,11,November,15,Wednesday
20231116,16-11-2023,2023,Q4,11,November,16,Thursday
20231117,17-11-2023,2023,Q4,11,November,17,Friday
20231118,18-11-2023,2023,Q4,11,November,18,Saturday
20231119,19-11-2023,2023,Q4,11,November,19,Sunday
20231120,20-11-2023,2023,Q4,11,November,20,Monday
20231121,21-11-2023,2023,Q4,11,November,21,Tuesday
20231122,22-11-2023,2023,Q4,11,November,22,Wednesday
20231123,23-11-2023,2023,Q4,11,November,23,Thursday
20231124,24-11-2023,2023,Q4,11,November,24,Friday
20231125,25-11-2023,2023,Q4,11,November,25,Saturday
20231126,26-11-2023,2023,Q4,11,November,26,Sunday
20231127,27-11-2023,2023,Q4,11,November,27,Monday
20231128,28-11-2023,2023,Q4,11,November,28,Tuesday
20231129,29-11-2023,2023,Q4,11,November,29,Wednesday
20231130,30-11-2023,2023,Q4,11,November,30,Thursday
20231201,01-12-2023,2023,Q4,12,December,1,Friday
20231202,02-12-2023,2023,Q4,12,December,2,Saturday
20231203,03-12-2023,2023,Q4,12,December,3,Sunday
20231204,04-12-2023,2023,Q4,12,December,4,Monday
20231205,05-12-2023,2023,Q4,12,December,5,Tuesday
20231206,06-12-2023,2023,Q4,12,December,6,Wednesday
20231207,07-12-2023,2023,Q4,12,December,7,Thursday
20231208,08-12-2023,2023,Q4,12,December,8,Friday
20231209,09-12-2023,2023,Q4,12,December,9,Saturday
20231210,10-12-2023,2023,Q4,12,December,10,Sunday
20231211,11-12-2023,2023,Q4,12,December,11,Monday
20231212,12-12-2023,2023,Q4,12,December,12,Tuesday
20231213,13-12-2023,2023,Q4,12,December,13,Wednesday
20231214,14-12-2023,2023,Q4,12,December,14,Thursday
20231215,15-12-2023,2023,Q4,12,December,15,Friday
20231216,16-12-2023,2023,Q4,12,December,16,Saturday
20231217,17-12-2023,2023,Q4,12,December,17,Sunday
20231218,18-12-2023,2023,Q4,12,December,18,Monday
20231219,19-12-2023,2023,Q4,12,December,19,Tuesday
20231220,20-12-2023,2023,Q4,12,December,20,Wednesday
20231221,21-12-2023,2023,Q4,12,December,21,Thursday
20231222,22-12-2023,2023,Q4,12,December,22,Friday
20231223,23-12-2023,2023,Q4,12,December,23,Saturday
20231224,24-12-2023,2023,Q4,12,December,24,Sunday
20231225,25-12-2023,2023,Q4,12,December,25,Monday
20231226,26-12-2023,2023,Q4,12,December,26,Tuesday
20231227,27-12-2023,2023,Q4,12,December,27,Wednesday
20231228,28-12-2023,2023,Q4,12,December,28,Thursday
20231229,29-12-2023,2023,Q4,12,December,29,Friday
20231230,30-12-2023,2023,Q4,12,December,30,Saturday
20231231,31-12-2023,2023,Q4,12,December,31,Sunday
20230401,01-04-2023,2023,Q2,4,April,1,Saturday
20230402,02-04-2023,2023,Q2,4,April,2,Sunday
20230403,03-04-2023,2023,Q2,4,April,3,Monday
20230404,04-04-2023,2023,Q2,4,April,4,Tuesday
20230405,05-04-2023,2023,Q2,4,April,5,Wednesday
20230406,06-04-2023,2023,Q2,4,April,6,Thursday
20230407,07-04-2023,2023,Q2,4,April,7,Friday
20230408,08-04-2023,2023,Q2,4,April,8,Saturday
20230409,09-04-2023,2023,Q2,4,April,9,Sunday
20230410,10-04-2023,2023,Q2,4,April,10,Monday
20230411,11-04-2023,2023,Q2,4,April,11,Tuesday
20230412,12-04-2023,2023,Q2,4,April,12,Wednesday
20230413,13-04-2023,2023,Q2,4,April,13,Thursday
20230414,14-04-2023,2023,Q2,4,April,14,Friday
20230415,15-04-2023,2023,Q2,4,April,15,Saturday
20230416,16-04-2023,2023,Q2,4,April,16,Sunday
20230417,17-04-2023,2023,Q2,4,April,17,Monday
20230418,18-04-2023,2023,Q2,4,April,18,Tuesday
20230419,19-04-2023,2023,Q2,4,April,19,Wednesday
20230420,20-04-2023,2023,Q2,4,April,20,Thursday
20230421,21-04-2023,2023,Q2,4,April,21,Friday
20230422,22-04-2023,2023,Q2,4,April,22,Saturday
20230423,23-04-2023,2023,Q2,4,April,23,Sunday
20230424,24-04-2023,2023,Q2,4,April,24,Monday
20230425,25-04-2023,2023,Q2,4,April,25,Tuesday
20230426,26-04-2023,2023,Q2,4,April,26,Wednesday
20230427,27-04-2023,2023,Q2,4,April,27,Thursday
20230428,28-04-2023,2023,Q2,4,April,28,Friday
20230429,29-04-2023,2023,Q2,4,April,29,Saturday
20230430,30-04-2023,2023,Q2,4,April,30,Sunday
20230501,01-05-2023,2023,Q2,5,May,1,Monday
20230502,02-05-2023,2023,Q2,5,May,2,Tuesday
20230503,03-05-2023,2023,Q2,5,May,3,Wednesday
20230504,04-05-2023,2023,Q2,5,May,4,Thursday
20230505,05-05-2023,2023,Q2,5,May,5,Friday
20230506,06-05-2023,2023,Q2,5,May,6,Saturday
20230507,07-05-2023,2023,Q2,5,May,7,Sunday
20230508,08-05-2023,2023,Q2,5,May,8,Monday
20230509,09-05-2023,2023,Q2,5,May,9,Tuesday
20230510,10-05-2023,2023,Q2,5,May,10,Wednesday
20230511,11-05-2023,2023,Q2,5,May,11,Thursday
20230512,12-05-2023,2023,Q2,5,May,12,Friday
20230513,13-05-2023,2023,Q2,5,May,13,Saturday
20230514,14-05-2023,2023,Q2,5,May,14,Sunday
20230515,15-05-2023,2023,Q2,5,May,15,Monday
20230516,16-05-2023,2023,Q2,5,May,16,Tuesday
20230517,17-05-2023,2023,Q2,5,May,17,Wednesday
20230518,18-05-2023,2023,Q2,5,May,18,Thursday
20230519,19-05-2023,2023,Q2,5,May,19,Friday
20230520,20-05-2023,2023,Q2,5,May,20,Saturday
20230521,21-05-2023,2023,Q2,5,May,21,Sunday
20230522,22-05-2023,2023,Q2,5,May,22,Monday
20230523,23-05-2023,2023,Q2,5,May,23,Tuesday
20230524,24-05-2023,2023,Q2,5,May,24,Wednesday
20230525,25-05-2023,2023,Q2,5,May,25,Thursday
20230526,26-05-2023,2023,Q2,5,May,26,Friday
20230527,27-05-2023,2023,Q2,5,May,27,Saturday
20230528,28-05-2023,2023,Q2,5,May,28,Sunday
20230529,29-05-2023,2023,Q2,5,May,29,Monday
20230530,30-05-2023,2023,Q2,5,May,30,Tuesday
20230531,31-05-2023,2023,Q2,5,May,31,Wednesday
20230601,01-06-2023,2023,Q2,6,June,1,Thursday
20230602,02-06-2023,2023,Q2,6,June,2,Friday
20230603,03-06-2023,2023,Q2,6,June,3,Saturday
20230604,04-06-2023,2023,Q2,6,June,4,Sunday
20230605,05-06-2023,2023,Q2,6,June,5,Monday
20230606,06-06-2023,2023,Q2,6,June,6,Tuesday
20230607,07-06-2023,2023,Q2,6,June,7,Wednesday
20230608,08-06-2023,2023,Q2,6,June,8,Thursday
20230609,09-06-2023,2023,Q2,6,June,9,Friday
20230610,10-06-2023,2023,Q2,6,June,10,Saturday
20230611,11-06-2023,2023,Q2,6,June,11,Sunday
20230612,12-06-2023,2023,Q2,6,June,12,Monday
20230613,13-06-2023,2023,Q2,6,June,13,Tuesday
20230614,14-06-2023,2023,Q2,6,June,14,Wednesday
20230615,15-06-2023,2023,Q2,6,June,15,Thursday
20230616,16-06-2023,2023,Q2,6,June,16,Friday
20230617,17-06-2023,2023,Q2,6,June,17,Saturday
20230618,18-06-2023,2023,Q2,6,June,18,Sunday
20230619,19-06-2023,2023,Q2,6,June,19,Monday
20230620,20-06-2023,2023,Q2,6,June,20,Tuesday
20230621,21-06-2023,2023,Q2,6,June,21,Wednesday
20230622,22-06-2023,2023,Q2,6,June,22,Thursday
20230623,23-06-2023,2023,Q2,6,June,23,Friday
20230624,24-06-2023,2023,Q2,6,June,24,Saturday
20230625,25-06-2023,2023,Q2,6,June,25,Sunday
20230626,26-06-2023,2023,Q2,6,June,26,Monday
20230627,27-06-2023,2023,Q2,6,June,27,Tuesday
20230628,28-06-2023,2023,Q2,6,June,28,Wednesday
20230629,29-06-2023,2023,Q2,6,June,29,Thursday
20230630,30-06-2023,2023,Q2,6,June,30,Friday
20230701,01-07-2023,2023,Q3,7,July,1,Saturday
20230702,02-07-2023,2023,Q3,7,July,2,Sunday
20230703,03-07-2023,2023,Q3,7,July,3,Monday
20230704,04-07-2023,2023,Q3,7,July,4,Tuesday
20230705,05-07-2023,2023,Q3,7,July,5,Wednesday
20230706,06-07-2023,2023,Q3,7,July,6,Thursday
20230707,07-07-2023,2023,Q3,7,July,7,Friday
20230708,08-07-2023,2023,Q3,7,July,8,Saturday
20230709,09-07-2023,2023,Q3,7,July,9,Sunday
20230710,10-07-2023,2023,Q3,7,July,10,Monday
20230711,11-07-2023,2023,Q3,7,July,11,Tuesday
20230712,12-07-2023,2023,Q3,7,July,12,Wednesday
20230713,13-07-2023,2023,Q3,7,July,13,Thursday
20230714,14-07-2023,2023,Q3,7,July,14,Friday
20230715,15-07-2023,2023,Q3,7,July,15,Saturday
20230716,16-07-2023,2023,Q3,7,July,16,Sunday
20230717,17-07-2023,2023,Q3,7,July,17,Monday
20230718,18-07-2023,2023,Q3,7,July,18,Tuesday
20230719,19-07-2023,2023,Q3,7,July,19,Wednesday
20230720,20-07-2023,2023,Q3,7,July,20,Thursday
20230721,21-07-2023,2023,Q3,7,July,21,Friday
20230722,22-07-2023,2023,Q3,7,July,22,Saturday
20230723,23-07-2023,2023,Q3,7,July,23,Sunday
20230724,24-07-2023,2023,Q3,7,July,24,Monday
20230725,25-07-2023,2023,Q3,7,July,25,Tuesday
20230726,26-07-2023,2023,Q3,7,July,26,Wednesday
20230727,27-07-2023,2023,Q3,7,July,27,Thursday
20230728,28-07-2023,2023,Q3,7,July,28,Friday
20230729,29-07-2023,2023,Q3,7,July,29,Saturday
20230730,30-07-2023,2023,Q3,7,July,30,Sunday
20230731,31-07-2023,2023,Q3,7,July,31,Monday
20230801,01-08-2023,2023,Q3,8,August,1,Tuesday
20230802,02-08-2023,2023,Q3,8,August,2,Wednesday
20230803,03-08-2023,2023,Q3,8,August,3,Thursday
20230804,04-08-2023,2023,Q3,8,August,4,Friday
20230805,05-08-2023,2023,Q3,8,August,5,Saturday
20230806,06-08-2023,2023,Q3,8,August,6,Sunday
20230807,07-08-2023,2023,Q3,8,August,7,Monday
20230808,08-08-2023,2023,Q3,8,August,8,Tuesday
20230809,09-08-2023,2023,Q3,8,August,9,Wednesday
20230810,10-08-2023,2023,Q3,8,August,10,Thursday
20230811,11-08-2023,2023,Q3,8,August,11,Friday
20230812,12-08-2023,2023,Q3,8,August,12,Saturday
20230813,13-08-2023,2023,Q3,8,August,13,Sunday
20230814,14-08-2023,2023,Q3,8,August,14,Monday
20230815,15-08-2023,2023,Q3,8,August,15,Tuesday
20230816,16-08-2023,2023,Q3,8,August,16,Wednesday
20230817,17-08-2023,2023,Q3,8,August,17,Thursday
20230818,18-08-2023,2023,Q3,8,August,18,Friday
20230819,19-08-2023,2023,Q3,8,August,19,Saturday
20230820,20-08-2023,2023,Q3,8,August,20,Sunday
20230821,21-08-2023,2023,Q3,8,August,21,Monday
20230822,22-08-2023,2023,Q3,8,August,22,Tuesday
20230823,23-08-2023,2023,Q3,8,August,23,Wednesday
20230824,24-08-2023,2023,Q3,8,August,24,Thursday
20230825,25-08-2023,2023,Q3,8,August,25,Friday
20230826,26-08-2023,2023,Q3,8,August,26,Saturday
20230827,27-08-2023,2023,Q3,8,August,27,Sunday
20230828,28-08-2023,2023,Q3,8,August,28,Monday
20230829,29-08-2023,2023,Q3,8,August,29,Tuesday
20230830,30-08-2023,2023,Q3,8,August,30,Wednesday
20230831,31-08-2023,2023,Q3,8,August,31,Thursday
20230901,01-09-2023,2023,Q3,9,September,1,Friday
20230902,02-09-2023,2023,Q3,9,September,2,Saturday
20230903,03-09-2023,2023,Q3,9,September,3,Sunday
20230904,04-09-2023,2023,Q3,9,September,4,Monday
20230905,05-09-2023,2023,Q3,9,September,5,Tuesday
20230906,06-09-2023,2023,Q3,9,September,6,Wednesday
20230907,07-09-2023,2023,Q3,9,September,7,Thursday
20230908,08-09-2023,2023,Q3,9,September,8,Friday
20230909,09-09-2023,2023,Q3,9,September,9,Saturday
20230910,10-09-2023,2023,Q3,9,September,10,Sunday
20230911,11-09-2023,2023,Q3,9,September,11,Monday
20230912,12-09-2023,2023,Q3,9,September,12,Tuesday
20230913,13-09-2023,2023,Q3,9,September,13,Wednesday
20230914,14-09-2023,2023,Q3,9,September,14,Thursday
20230915,15-09-2023,2023,Q3,9,September,15,Friday
20230916,16-09-2023,2023,Q3,9,September,16,Saturday
20230917,17-09-2023,2023,Q3,9,September,17,Sunday
20230918,18-09-2023,2023,Q3,9,September,18,Monday
20230919,19-09-2023,2023,Q3,9,September,19,Tuesday
20230920,20-09-2023,2023,Q3,9,September,20,Wednesday
20230921,21-09-2023,2023,Q3,9,September,21,Thursday
20230922,22-09-2023,2023,Q3,9,September,22,Friday
20230923,23-09-2023,2023,Q3,9,September,23,Saturday
20230924,24-09-2023,2023,Q3,9,September,24,Sunday
20230925,25-09-2023,2023,Q3,9,September,25,Monday
20230926,26-09-2023,2023,Q3,9,September,26,Tuesday
20230927,27-09-2023,2023,Q3,9,September,27,Wednesday
20230928,28-09-2023,2023,Q3,9,September,28,Thursday
20230929,29-09-2023,2023,Q3,9,September,29,Friday
20230930,30-09-2023,2023,Q3,9,September,30,Saturday
20250701,01-07-2025,2025,Q3,7,July,1,Tuesday
20250702,02-07-2025,2025,Q3,7,July,2,Wednesday
20250703,03-07-2025,2025,Q3,7,July,3,Thursday
20250704,04-07-2025,2025,Q3,7,July,4,Friday
20250705,05-07-2025,2025,Q3,7,July,5,Saturday
20250706,06-07-2025,2025,Q3,7,July,6,Sunday
20250707,07-07-2025,2025,Q3,7,July,7,Monday
20250708,08-07-2025,2025,Q3,7,July,8,Tuesday
20250709,09-07-2025,2025,Q3,7,July,9,Wednesday
20250710,10-07-2025,2025,Q3,7,July,10,Thursday
20250711,11-07-2025,2025,Q3,7,July,11,Friday
20250712,12-07-2025,2025,Q3,7,July,12,Saturday
20250713,13-07-2025,2025,Q3,7,July,13,Sunday
20250714,14-07-2025,2025,Q3,7,July,14,Monday
20250715,15-07-2025,2025,Q3,7,July,15,Tuesday
20250716,16-07-2025,2025,Q3,7,July,16,Wednesday
20250717,17-07-2025,2025,Q3,7,July,17,Thursday
20250718,18-07-2025,2025,Q3,7,July,18,Friday
20250719,19-07-2025,2025,Q3,7,July,19,Saturday
20250720,20-07-2025,2025,Q3,7,July,20,Sunday
20250721,21-07-2025,2025,Q3,7,July,21,Monday
20250722,22-07-2025,2025,Q3,7,July,22,Tuesday
20250723,23-07-2025,2025,Q3,7,July,23,Wednesday
20250724,24-07-2025,2025,Q3,7,July,24,Thursday
20250725,25-07-2025,2025,Q3,7,July,25,Friday
20250726,26-07-2025,2025,Q3,7,July,26,Saturday
20250727,27-07-2025,2025,Q3,7,July,27,Sunday
20250728,28-07-2025,2025,Q3,7,July,28,Monday
20250729,29-07-2025,2025,Q3,7,July,29,Tuesday
20250730,30-07-2025,2025,Q3,7,July,30,Wednesday
20250731,31-07-2025,2025,Q3,7,July,31,Thursday
20250801,01-08-2025,2025,Q3,8,August,1,Friday
20250802,02-08-2025,2025,Q3,8,August,2,Saturday
20250803,03-08-2025,2025,Q3,8,August,3,Sunday
20250804,04-08-2025,2025,Q3,8,August,4,Monday
20250805,05-08-2025,2025,Q3,8,August,5,Tuesday
20250806,06-08-2025,2025,Q3,8,August,6,Wednesday
20250807,07-08-2025,2025,Q3,8,August,7,Thursday
20250808,08-08-2025,2025,Q3,8,August,8,Friday
20250809,09-08-2025,2025,Q3,8,August,9,Saturday
20250810,10-08-2025,2025,Q3,8,August,10,Sunday
20250811,11-08-2025,2025,Q3,8,August,11,Monday
20250812,12-08-2025,2025,Q3,8,August,12,Tuesday
20250813,13-08-2025,2025,Q3,8,August,13,Wednesday
20250814,14-08-2025,2025,Q3,8,August,14,Thursday
20250815,15-08-2025,2025,Q3,8,August,15,Friday
20250816,16-08-2025,2025,Q3,8,August,16,Saturday
20250817,17-08-2025,2025,Q3,8,August,17,Sunday
20250818,18-08-2025,2025,Q3,8,August,18,Monday
20250819,19-08-2025,2025,Q3,8,August,19,Tuesday
20250820,20-08-2025,2025,Q3,8,August,20,Wednesday
20250821,21-08-2025,2025,Q3,8,August,21,Thursday
20250822,22-08-2025,2025,Q3,8,August,22,Friday
20250823,23-08-2025,2025,Q3,8,August,23,Saturday
20250824,24-08-2025,2025,Q3,8,August,24,Sunday
20250825,25-08-2025,2025,Q3,8,August,25,Monday
20250826,26-08-2025,2025,Q3,8,August,26,Tuesday
20250827,27-08-2025,2025,Q3,8,August,27,Wednesday
20250828,28-08-2025,2025,Q3,8,August,28,Thursday
20250829,29-08-2025,2025,Q3,8,August,29,Friday
20250830,30-08-2025,2025,Q3,8,August,30,Saturday
20250831,31-08-2025,2025,Q3,8,August,31,Sunday
20250901,01-09-2025,2025,Q3,9,September,1,Monday
20250902,02-09-2025,2025,Q3,9,September,2,Tuesday
20250903,03-09-2025,2025,Q3,9,September,3,Wednesday
20250904,04-09-2025,2025,Q3,9,September,4,Thursday
20250905,05-09-2025,2025,Q3,9,September,5,Friday
20250906,06-09-2025,2025,Q3,9,September,6,Saturday
20250907,07-09-2025,2025,Q3,9,September,7,Sunday
20250908,08-09-2025,2025,Q3,9,September,8,Monday
20250909,09-09-2025,2025,Q3,9,September,9,Tuesday
20250910,10-09-2025,2025,Q3,9,September,10,Wednesday
20250911,11-09-2025,2025,Q3,9,September,11,Thursday
20250912,12-09-2025,2025,Q3,9,September,12,Friday
20250913,13-09-2025,2025,Q3,9,September,13,Saturday
20250914,14-09-2025,2025,Q3,9,September,14,Sunday
20250915,15-09-2025,2025,Q3,9,September,15,Monday
20250916,16-09-2025,2025,Q3,9,September,16,Tuesday
20250917,17-09-2025,2025,Q3,9,September,17,Wednesday
20250918,18-09-2025,2025,Q3,9,September,18,Thursday
20250919,19-09-2025,2025,Q3,9,September,19,Friday
20250920,20-09-2025,2025,Q3,9,September,20,Saturday
20250921,21-09-2025,2025,Q3,9,September,21,Sunday
20250922,22-09-2025,2025,Q3,9,September,22,Monday
20250923,23-09-2025,2025,Q3,9,September,23,Tuesday
20250924,24-09-2025,2025,Q3,9,September,24,Wednesday
20250925,25-09-2025,2025,Q3,9,September,25,Thursday
20250926,26-09-2025,2025,Q3,9,September,26,Friday
20250927,27-09-2025,2025,Q3,9,September,27,Saturday
20250928,28-09-2025,2025,Q3,9,September,28,Sunday
20250929,29-09-2025,2025,Q3,9,September,29,Monday
20250930,30-09-2025,2025,Q3,9,September,30,Tuesday
20250401,01-04-2025,2025,Q2,4,April,1,Tuesday
20250402,02-04-2025,2025,Q2,4,April,2,Wednesday
20250403,03-04-2025,2025,Q2,4,April,3,Thursday
20250404,04-04-2025,2025,Q2,4,April,4,Friday
20250405,05-04-2025,2025,Q2,4,April,5,Saturday
20250406,06-04-2025,2025,Q2,4,April,6,Sunday
20250407,07-04-2025,2025,Q2,4,April,7,Monday
20250408,08-04-2025,2025,Q2,4,April,8,Tuesday
20250409,09-04-2025,2025,Q2,4,April,9,Wednesday
20250410,10-04-2025,2025,Q2,4,April,10,Thursday
20250411,11-04-2025,2025,Q2,4,April,11,Friday
20250412,12-04-2025,2025,Q2,4,April,12,Saturday
20250413,13-04-2025,2025,Q2,4,April,13,Sunday
20250414,14-04-2025,2025,Q2,4,April,14,Monday
20250415,15-04-2025,2025,Q2,4,April,15,Tuesday
20250416,16-04-2025,2025,Q2,4,April,16,Wednesday
20250417,17-04-2025,2025,Q2,4,April,17,Thursday
20250418,18-04-2025,2025,Q2,4,April,18,Friday
20250419,19-04-2025,2025,Q2,4,April,19,Saturday
20250420,20-04-2025,2025,Q2,4,April,20,Sunday
20250421,21-04-2025,2025,Q2,4,April,21,Monday
20250422,22-04-2025,2025,Q2,4,April,22,Tuesday
20250423,23-04-2025,2025,Q2,4,April,23,Wednesday
20250424,24-04-2025,2025,Q2,4,April,24,Thursday
20250425,25-04-2025,2025,Q2,4,April,25,Friday
20250426,26-04-2025,2025,Q2,4,April,26,Saturday
20250427,27-04-2025,2025,Q2,4,April,27,Sunday
20250428,28-04-2025,2025,Q2,4,April,28,Monday
20250429,29-04-2025,2025,Q2,4,April,29,Tuesday
20250430,30-04-2025,2025,Q2,4,April,30,Wednesday
20250501,01-05-2025,2025,Q2,5,May,1,Thursday
20250502,02-05-2025,2025,Q2,5,May,2,Friday
20250503,03-05-2025,2025,Q2,5,May,3,Saturday
20250504,04-05-2025,2025,Q2,5,May,4,Sunday
20250505,05-05-2025,2025,Q2,5,May,5,Monday
20250506,06-05-2025,2025,Q2,5,May,6,Tuesday
20250507,07-05-2025,2025,Q2,5,May,7,Wednesday
20250508,08-05-2025,2025,Q2,5,May,8,Thursday
20250509,09-05-2025,2025,Q2,5,May,9,Friday
20250510,10-05-2025,2025,Q2,5,May,10,Saturday
20250511,11-05-2025,2025,Q2,5,May,11,Sunday
20250512,12-05-2025,2025,Q2,5,May,12,Monday
20250513,13-05-2025,2025,Q2,5,May,13,Tuesday
20250514,14-05-2025,2025,Q2,5,May,14,Wednesday
20250515,15-05-2025,2025,Q2,5,May,15,Thursday
20250516,16-05-2025,2025,Q2,5,May,16,Friday
20250517,17-05-2025,2025,Q2,5,May,17,Saturday
20250518,18-05-2025,2025,Q2,5,May,18,Sunday
20250519,19-05-2025,2025,Q2,5,May,19,Monday
20250520,20-05-2025,2025,Q2,5,May,20,Tuesday
20250521,21-05-2025,2025,Q2,5,May,21,Wednesday
20250522,22-05-2025,2025,Q2,5,May,22,Thursday
20250523,23-05-2025,2025,Q2,5,May,23,Friday
20250524,24-05-2025,2025,Q2,5,May,24,Saturday
20250525,25-05-2025,2025,Q2,5,May,25,Sunday
20250526,26-05-2025,2025,Q2,5,May,26,Monday
20250527,27-05-2025,2025,Q2,5,May,27,Tuesday
20250528,28-05-2025,2025,Q2,5,May,28,Wednesday
20250529,29-05-2025,2025,Q2,5,May,29,Thursday
20250530,30-05-2025,2025,Q2,5,May,30,Friday
20250531,31-05-2025,2025,Q2,5,May,31,Saturday
20250601,01-06-2025,2025,Q2,6,June,1,Sunday
20250602,02-06-2025,2025,Q2,6,June,2,Monday
20250603,03-06-2025,2025,Q2,6,June,3,Tuesday
20250604,04-06-2025,2025,Q2,6,June,4,Wednesday
20250605,05-06-2025,2025,Q2,6,June,5,Thursday
20250606,06-06-2025,2025,Q2,6,June,6,Friday
20250607,07-06-2025,2025,Q2,6,June,7,Saturday
20250608,08-06-2025,2025,Q2,6,June,8,Sunday
20250609,09-06-2025,2025,Q2,6,June,9,Monday
20250610,10-06-2025,2025,Q2,6,June,10,Tuesday
20250611,11-06-2025,2025,Q2,6,June,11,Wednesday
20250612,12-06-2025,2025,Q2,6,June,12,Thursday
20250613,13-06-2025,2025,Q2,6,June,13,Friday
20250614,14-06-2025,2025,Q2,6,June,14,Saturday
20250615,15-06-2025,2025,Q2,6,June,15,Sunday
20250616,16-06-2025,2025,Q2,6,June,16,Monday
20250617,17-06-2025,2025,Q2,6,June,17,Tuesday
20250618,18-06-2025,2025,Q2,6,June,18,Wednesday
20250619,19-06-2025,2025,Q2,6,June,19,Thursday
20250620,20-06-2025,2025,Q2,6,June,20,Friday
20250621,21-06-2025,2025,Q2,6,June,21,Saturday
20250622,22-06-2025,2025,Q2,6,June,22,Sunday
20250623,23-06-2025,2025,Q2,6,June,23,Monday
20250624,24-06-2025,2025,Q2,6,June,24,Tuesday
20250625,25-06-2025,2025,Q2,6,June,25,Wednesday
20250626,26-06-2025,2025,Q2,6,June,26,Thursday
20250627,27-06-2025,2025,Q2,6,June,27,Friday
20250628,28-06-2025,2025,Q2,6,June,28,Saturday
20250629,29-06-2025,2025,Q2,6,June,29,Sunday
20250630,30-06-2025,2025,Q2,6,June,30,Monday
20251001,01-10-2025,2025,Q4,10,October,1,Wednesday
20251002,02-10-2025,2025,Q4,10,October,2,Thursday
20251003,03-10-2025,2025,Q4,10,October,3,Friday
20251004,04-10-2025,2025,Q4,10,October,4,Saturday
20251005,05-10-2025,2025,Q4,10,October,5,Sunday
20251006,06-10-2025,2025,Q4,10,October,6,Monday
20251007,07-10-2025,2025,Q4,10,October,7,Tuesday
20251008,08-10-2025,2025,Q4,10,October,8,Wednesday
20251009,09-10-2025,2025,Q4,10,October,9,Thursday
20251010,10-10-2025,2025,Q4,10,October,10,Friday
20251011,11-10-2025,2025,Q4,10,October,11,Saturday
20251012,12-10-2025,2025,Q4,10,October,12,Sunday
20251013,13-10-2025,2025,Q4,10,October,13,Monday
20251014,14-10-2025,2025,Q4,10,October,14,Tuesday
20251015,15-10-2025,2025,Q4,10,October,15,Wednesday
20251016,16-10-2025,2025,Q4,10,October,16,Thursday
20251017,17-10-2025,2025,Q4,10,October,17,Friday
20251018,18-10-2025,2025,Q4,10,October,18,Saturday
20251019,19-10-2025,2025,Q4,10,October,19,Sunday
20251020,20-10-2025,2025,Q4,10,October,20,Monday
20251021,21-10-2025,2025,Q4,10,October,21,Tuesday
20251022,22-10-2025,2025,Q4,10,October,22,Wednesday
20251023,23-10-2025,2025,Q4,10,October,23,Thursday
20251024,24-10-2025,2025,Q4,10,October,24,Friday
20251025,25-10-2025,2025,Q4,10,October,25,Saturday
20251026,26-10-2025,2025,Q4,10,October,26,Sunday
20251027,27-10-2025,2025,Q4,10,October,27,Monday
20251028,28-10-2025,2025,Q4,10,October,28,Tuesday
20251029,29-10-2025,2025,Q4,10,October,29,Wednesday
20251030,30-10-2025,2025,Q4,10,October,30,Thursday
20251031,31-10-2025,2025,Q4,10,October,31,Friday
20251101,01-11-2025,2025,Q4,11,November,1,Saturday
20251102,02-11-2025,2025,Q4,11,November,2,Sunday
20251103,03-11-2025,2025,Q4,11,November,3,Monday
20251104,04-11-2025,2025,Q4,11,November,4,Tuesday
20251105,05-11-2025,2025,Q4,11,November,5,Wednesday
20251106,06-11-2025,2025,Q4,11,November,6,Thursday
20251107,07-11-2025,2025,Q4,11,November,7,Friday
20251108,08-11-2025,2025,Q4,11,November,8,Saturday
20251109,09-11-2025,2025,Q4,11,November,9,Sunday
20251110,10-11-2025,2025,Q4,11,November,10,Monday
20251111,11-11-2025,2025,Q4,11,November,11,Tuesday
20251112,12-11-2025,2025,Q4,11,November,12,Wednesday
20251113,13-11-2025,2025,Q4,11,November,13,Thursday
20251114,14-11-2025,2025,Q4,11,November,14,Friday
20251115,15-11-2025,2025,Q4,11,November,15,Saturday
20251116,16-11-2025,2025,Q4,11,November,16,Sunday
20251117,17-11-2025,2025,Q4,11,November,17,Monday
20251118,18-11-2025,2025,Q4,11,November,18,Tuesday
20251119,19-11-2025,2025,Q4,11,November,19,Wednesday
20251120,20-11-2025,2025,Q4,11,November,20,Thursday
20251121,21-11-2025,2025,Q4,11,November,21,Friday
20251122,22-11-2025,2025,Q4,11,November,22,Saturday
20251123,23-11-2025,2025,Q4,11,November,23,Sunday
20251124,24-11-2025,2025,Q4,11,November,24,Monday
20251125,25-11-2025,2025,Q4,11,November,25,Tuesday
20251126,26-11-2025,2025,Q4,11,November,26,Wednesday
20251127,27-11-2025,2025,Q4,11,November,27,Thursday
20251128,28-11-2025,2025,Q4,11,November,28,Friday
20251129,29-11-2025,2025,Q4,11,November,29,Saturday
20251130,30-11-2025,2025,Q4,11,November,30,Sunday
20251201,01-12-2025,2025,Q4,12,December,1,Monday
20251202,02-12-2025,2025,Q4,12,December,2,Tuesday
20251203,03-12-2025,2025,Q4,12,December,3,Wednesday
20251204,04-12-2025,2025,Q4,12,December,4,Thursday
20251205,05-12-2025,2025,Q4,12,December,5,Friday
20251206,06-12-2025,2025,Q4,12,December,6,Saturday
20251207,07-12-2025,2025,Q4,12,December,7,Sunday
20251208,08-12-2025,2025,Q4,12,December,8,Monday
20251209,09-12-2025,2025,Q4,12,December,9,Tuesday
20251210,10-12-2025,2025,Q4,12,December,10,Wednesday
20251211,11-12-2025,2025,Q4,12,December,11,Thursday
20251212,12-12-2025,2025,Q4,12,December,12,Friday
20251213,13-12-2025,2025,Q4,12,December,13,Saturday
20251214,14-12-2025,2025,Q4,12,December,14,Sunday
20251215,15-12-2025,2025,Q4,12,December,15,Monday
20251216,16-12-2025,2025,Q4,12,December,16,Tuesday
20251217,17-12-2025,2025,Q4,12,December,17,Wednesday
20251218,18-12-2025,2025,Q4,12,December,18,Thursday
20251219,19-12-2025,2025,Q4,12,December,19,Friday
20251220,20-12-2025,2025,Q4,12,December,20,Saturday
20251221,21-12-2025,2025,Q4,12,December,21,Sunday
20251222,22-12-2025,2025,Q4,12,December,22,Monday
20251223,23-12-2025,2025,Q4,12,December,23,Tuesday
20251224,24-12-2025,2025,Q4,12,December,24,Wednesday
20251225,25-12-2025,2025,Q4,12,December,25,Thursday
20251226,26-12-2025,2025,Q4,12,December,26,Friday
20251227,27-12-2025,2025,Q4,12,December,27,Saturday
20251228,28-12-2025,2025,Q4,12,December,28,Sunday
20251229,29-12-2025,2025,Q4,12,December,29,Monday
20251230,30-12-2025,2025,Q4,12,December,30,Tuesday
20251231,31-12-2025,2025,Q4,12,December,31,Wednesday
20250101,01-01-2025,2025,Q1,1,January,1,Wednesday
20250102,02-01-2025,2025,Q1,1,January,2,Thursday
20250103,03-01-2025,2025,Q1,1,January,3,Friday
20250104,04-01-2025,2025,Q1,1,January,4,Saturday
20250105,05-01-2025,2025,Q1,1,January,5,Sunday
20250106,06-01-2025,2025,Q1,1,January,6,Monday
20250107,07-01-2025,2025,Q1,1,January,7,Tuesday
20250108,08-01-2025,2025,Q1,1,January,8,Wednesday
20250109,09-01-2025,2025,Q1,1,January,9,Thursday
20250110,10-01-2025,2025,Q1,1,January,10,Friday
20250111,11-01-2025,2025,Q1,1,January,11,Saturday
20250112,12-01-2025,2025,Q1,1,January,12,Sunday
20250113,13-01-2025,2025,Q1,1,January,13,Monday
20250114,14-01-2025,2025,Q1,1,January,14,Tuesday
20250115,15-01-2025,2025,Q1,1,January,15,Wednesday
20250116,16-01-2025,2025,Q1,1,January,16,Thursday
20250117,17-01-2025,2025,Q1,1,January,17,Friday
20250118,18-01-2025,2025,Q1,1,January,18,Saturday
20250119,19-01-2025,2025,Q1,1,January,19,Sunday
20250120,20-01-2025,2025,Q1,1,January,20,Monday
20250121,21-01-2025,2025,Q1,1,January,21,Tuesday
20250122,22-01-2025,2025,Q1,1,January,22,Wednesday
20250123,23-01-2025,2025,Q1,1,January,23,Thursday
20250124,24-01-2025,2025,Q1,1,January,24,Friday
20250125,25-01-2025,2025,Q1,1,January,25,Saturday
20250126,26-01-2025,2025,Q1,1,January,26,Sunday
20250127,27-01-2025,2025,Q1,1,January,27,Monday
20250128,28-01-2025,2025,Q1,1,January,28,Tuesday
20250129,29-01-2025,2025,Q1,1,January,29,Wednesday
20250130,30-01-2025,2025,Q1,1,January,30,Thursday
20250131,31-01-2025,2025,Q1,1,January,31,Friday
20250201,01-02-2025,2025,Q1,2,February,1,Saturday
20250202,02-02-2025,2025,Q1,2,February,2,Sunday
20250203,03-02-2025,2025,Q1,2,February,3,Monday
20250204,04-02-2025,2025,Q1,2,February,4,Tuesday
20250205,05-02-2025,2025,Q1,2,February,5,Wednesday
20250206,06-02-2025,2025,Q1,2,February,6,Thursday
20250207,07-02-2025,2025,Q1,2,February,7,Friday
20250208,08-02-2025,2025,Q1,2,February,8,Saturday
20250209,09-02-2025,2025,Q1,2,February,9,Sunday
20250210,10-02-2025,2025,Q1,2,February,10,Monday
20250211,11-02-2025,2025,Q1,2,February,11,Tuesday
20250212,12-02-2025,2025,Q1,2,February,12,Wednesday
20250213,13-02-2025,2025,Q1,2,February,13,Thursday
20250214,14-02-2025,2025,Q1,2,February,14,Friday
20250215,15-02-2025,2025,Q1,2,February,15,Saturday
20250216,16-02-2025,2025,Q1,2,February,16,Sunday
20250217,17-02-2025,2025,Q1,2,February,17,Monday
20250218,18-02-2025,2025,Q1,2,February,18,Tuesday
20250219,19-02-2025,2025,Q1,2,February,19,Wednesday
20250220,20-02-2025,2025,Q1,2,February,20,Thursday
20250221,21-02-2025,2025,Q1,2,February,21,Friday
20250222,22-02-2025,2025,Q1,2,February,22,Saturday
20250223,23-02-2025,2025,Q1,2,February,23,Sunday
20250224,24-02-2025,2025,Q1,2,February,24,Monday
20250225,25-02-2025,2025,Q1,2,February,25,Tuesday
20250226,26-02-2025,2025,Q1,2,February,26,Wednesday
20250227,27-02-2025,2025,Q1,2,February,27,Thursday
20250228,28-02-2025,2025,Q1,2,February,28,Friday
20250301,01-03-2025,2025,Q1,3,March,1,Saturday
20250302,02-03-2025,2025,Q1,3,March,2,Sunday
20250303,03-03-2025,2025,Q1,3,March,3,Monday
20250304,04-03-2025,2025,Q1,3,March,4,Tuesday
20250305,05-03-2025,2025,Q1,3,March,5,Wednesday
20250306,06-03-2025,2025,Q1,3,March,6,Thursday
20250307,07-03-2025,2025,Q1,3,March,7,Friday
20250308,08-03-2025,2025,Q1,3,March,8,Saturday
20250309,09-03-2025,2025,Q1,3,March,9,Sunday
20250310,10-03-2025,2025,Q1,3,March,10,Monday
20250311,11-03-2025,2025,Q1,3,March,11,Tuesday
20250312,12-03-2025,2025,Q1,3,March,12,Wednesday
20250313,13-03-2025,2025,Q1,3,March,13,Thursday
20250314,14-03-2025,2025,Q1,3,March,14,Friday
20250315,15-03-2025,2025,Q1,3,March,15,Saturday
20250316,16-03-2025,2025,Q1,3,March,16,Sunday
20250317,17-03-2025,2025,Q1,3,March,17,Monday
20250318,18-03-2025,2025,Q1,3,March,18,Tuesday
20250319,19-03-2025,2025,Q1,3,March,19,Wednesday
20250320,20-03-2025,2025,Q1,3,March,20,Thursday
20250321,21-03-2025,2025,Q1,3,March,21,Friday
20250322,22-03-2025,2025,Q1,3,March,22,Saturday
20250323,23-03-2025,2025,Q1,3,March,23,Sunday
20250324,24-03-2025,2025,Q1,3,March,24,Monday
20250325,25-03-2025,2025,Q1,3,March,25,Tuesday
20250326,26-03-2025,2025,Q1,3,March,26,Wednesday
20250327,27-03-2025,2025,Q1,3,March,27,Thursday
20250328,28-03-2025,2025,Q1,3,March,28,Friday
20250329,29-03-2025,2025,Q1,3,March,29,Saturday
20250330,30-03-2025,2025,Q1,3,March,30,Sunday
20250331,31-03-2025,2025,Q1,3,March,31,Monday
